{
    "input_folder": {
        "foreground_mean": {
            "Dice": 0.5187744093068832,
            "FN": 57.95750708215297,
            "FP": 40.1671388101983,
            "IoU": 0.42508512272964755,
            "TN": 16108.781869688386,
            "TP": 177.09348441926346,
            "n_pred": 217.26062322946174,
            "n_ref": 235.05099150141643
        },
        "mean": {
            "1": {
                "Dice": 0.5187744093068832,
                "FN": 57.95750708215297,
                "FP": 40.1671388101983,
                "IoU": 0.42508512272964755,
                "TN": 16108.781869688386,
                "TP": 177.09348441926346,
                "n_pred": 217.26062322946174,
                "n_ref": 235.05099150141643
            }
        }
    },
    "postprocessed": {
        "foreground_mean": {
            "Dice": 0.5187744093068832,
            "FN": 57.95750708215297,
            "FP": 40.1671388101983,
            "IoU": 0.42508512272964755,
            "TN": 16108.781869688386,
            "TP": 177.09348441926346,
            "n_pred": 217.26062322946174,
            "n_ref": 235.05099150141643
        },
        "mean": {
            "1": {
                "Dice": 0.5187744093068832,
                "FN": 57.95750708215297,
                "FP": 40.1671388101983,
                "IoU": 0.42508512272964755,
                "TN": 16108.781869688386,
                "TP": 177.09348441926346,
                "n_pred": 217.26062322946174,
                "n_ref": 235.05099150141643
            }
        }
    },
    "postprocessing_fns": [],
    "postprocessing_kwargs": []
}